,Place ID,Place Name
0,ChIJNbFX6hovPYgReyMwdyzk_h8,Cotton Correctional Facility
1,ChIJ-avARIShPIgRlL48kp1eJM0,FCI Milan
2,ChIJkfOeKzDyPIgRVxIWxkVjVWs,Gus Harrison Correctional Facility
3,ChIJ_eBD1zmkPIgR682CNCHKorc,Women's Huron Valley Correctional Facility
4,ChIJhW8NH1B7GIgRK5S-mKnLyaU,Ionia Correctional Facility
5,ChIJjQEQBwQvPYgRp68HsuVNb-4,Parnall Correctional Facility
6,ChIJLQtMqRU-IogRtf6TRF2fZ3o,St Louis Correctional Facility (SLF)
7,ChIJeY0qPsdjJIgRhUE90ZLZyig,"Thumb Correctional Facility, Warden Chandler Cheeks"
8,ChIJF-wg2mJyPYgRfEJoh4zayRc,Jackson College - LeTarte Center
9,ChIJcZtSjMeXNU0Rq9KqZVA6GlQ,North Central Michigan College
10,ChIJITZA8lRPNU0RwZg68tkeAto,North Central Michigan College Gaylord Center
11,ChIJITZA8lRPNU0RwZg68tkeAto,North Central Michigan College Gaylord Center
12,ChIJp9hl4DucJYgRMjNx5u3NGWM,Paul Mitchell The School Great Lakes
13,ChIJyfJvkADpIogRm2pOEqFWP-E,Protege Academy
14,ChIJs4p4u5pPI4gRuteDzKhINzA,Brighton High School
15,ChIJd9gbMLhcI4gRZsM8F8_tijM,Hartland Educational Support Services Center
16,ChIJCXY91NnBIogRRkz_IMXoV38,Cooley Law School
17,ChIJX3VPhRmsPIgRuMuPsKhb3tY,Thomas M. Cooley Law School
18,ChIJP7fVPNLPwogRUaKxfsG4EJc,Thomas M. Cooley Law School
19,ChIJF1tbDNC3JIgRzN6L7WIQAb0,Spring Arbor University
20,ChIJ99m5C9C3JIgRz7dOp1yHE8w,Spring Arbor University Metro Detroit Campus
21,ChIJYcqS6hc5PYgRce9dC-1NabU,The Arbor Church
22,ChIJF1tbDNC3JIgRzN6L7WIQAb0,Spring Arbor University
23,ChIJF1tbDNC3JIgRzN6L7WIQAb0,Spring Arbor University
24,ChIJF1tbDNC3JIgRzN6L7WIQAb0,Spring Arbor University
25,ChIJQ48iG3AlPYgRSKQ5FmjYqEA,"Spring Arbor University, Jackson"
26,ChIJF1tbDNC3JIgRzN6L7WIQAb0,Spring Arbor University
27,ChIJQ3MIppV_O4gRb56E7H2DgK8,Spring Arbor University - Metro Toledo
28,ChIJPZGbJ5GESk0RUWFQFbRffFA,"Spring Arbor University, Petoskey"
29,ChIJKZI5O8MyHogRqQhTXxhoMcI,"Spring Arbor University, Traverse City"
30,ChIJF1tbDNC3JIgRzN6L7WIQAb0,Spring Arbor University
31,ChIJzRfgH65KF4gRVHxJDqd0ldY,Corewell Health Watervliet Hospital
32,ChIJF1tbDNC3JIgRzN6L7WIQAb0,Spring Arbor University
33,ChIJk3857S-GO4gR--cDh5E6qlE,Owens Community College
34,ChIJ4br8kudJO4gRute-Jnm-EQ8,Dorsey School of Beauty Taylor Campus
35,ChIJK78Jit3MJIgRqJwB2F29-BU,"Michigan Barber School, Inc."
36,ChIJ7QwaDp_JJIgRRx5eccgYuvg,Abcott Institute
37,ChIJ2UjgGpUUIogRnXJpXLt0dqM,Alma College
38,ChIJMU7grEpoToYRTK7Qs6QRMbY,Southwestern Union Conference of Seventh-day Adventists
39,ChIJTTmVCvLft4kRR2I0AWj-1Zk,Conference Columbia Union
40,ChIJfdY-XRjGt4kR6pXfRYMeo2s,Washington Adventist University
41,ChIJffeUXe8k6IAR17xgEowBsFE,Pacific Union Conference
42,ChIJSfqLk_N654gR5mtef4uFdho,Florida Conference United Church of Christ
43,ChIJTTM1Hkhx54gR6t4D9X487Cc,Florida Conference of Seventh-day Adventists
44,ChIJGyc09yau3IARCo7eef8Sapc,Riverside Kansas Avenue Seventh-day Adventist Church
45,ChIJAfRTDZqe54gR0titJ6JVu3k,International Seminary
46,ChIJX7uBrAZColQRP5tHj3S_X5k,College Place Village Seventh-day Adventist Church
47,ChIJ6bxfvGtEToYRbO_oVJ6NM5s,Southwestern Adventist University
48,ChIJoXYgyNMasocR59belj2Ci-0,Oklahoma City CentralSDA Church
49,ChIJM2T6NEfet4kRRlHaA_gngGw,North American Division of Seventh-day Adventists Headquarters
50,ChIJoxijFUd354gRx9VSA4Br1RE,Orlando Solid Rock Seventh-day Adventist Church
51,ChIJj-EA15t654gR5g72NagDvN0,AdventHealth University
52,ChIJkeocbz6tGYgREnAXz3GbiXs,Aquinas College
53,ChIJg_XXuBVQI4gRO2eRa_P1SWE,Brighton Institute of Cosmetology
54,ChIJq2uUxuAIH4gRdLPvgmD2aus,Cadillac Institute-Cosmetology
55,ChIJ8w5vh1tNGIgRydL-a9fqFxU,Calvin Theological Seminary
56,ChIJy_jw2y42O4gR8epJWIg0Cew,David Pressley School of Cosmetology
57,ChIJvxyNF53eI4gR2EDOwJOaVzs,Delta College - Main Campus
58,ChIJiZPV-4jVI4gRnTw9RsMAEa4,Delta College Downtown Midland Center
59,ChIJtbALAYRd3KcRKV-cdRimmjc,Ms. C and T's Learning Place
60,ChIJU9jdXaXyGYgRiRgjUXF0NXQ,Hope College
61,ChIJTbSN1IyxGYgRf12S3nkeaA0,Grace Christian University
62,ChIJt74AonLFJIgRZfEW09P61W4,"Dorsey College - Madison Heights, MI Campus"
63,ChIJf1Ys5nG-JIgREQWQzf18ep8,"Dorsey Schools - Waterford-Pontiac, MI Campus"
64,ChIJt74AonLFJIgRZfEW09P61W4,"Dorsey College - Madison Heights, MI Campus"
65,ChIJXXsdEmCwJIgRFSp9HGuj0yw,"Dorsey Schools - Farmington Hills, MI Campus"
66,ChIJt74AonLFJIgRZfEW09P61W4,"Dorsey College - Madison Heights, MI Campus"
67,ChIJXUFiEjjBIogRy_gyuF_yTnE,"Dorsey Schools - Lansing, MI Campus"
68,ChIJt74AonLFJIgRZfEW09P61W4,"Dorsey College - Madison Heights, MI Campus"
69,ChIJeShXgqI3O4gRY_vqpBNV8Fw,"Dorsey Schools - Southgate, MI Campus"
70,ChIJt74AonLFJIgRZfEW09P61W4,"Dorsey College - Madison Heights, MI Campus"
71,ChIJ-VI3fX9OO4gR8We5lN0KYZo,"Dorsey College - Wayne, MI Campus"
72,ChIJt74AonLFJIgRZfEW09P61W4,"Dorsey College - Madison Heights, MI Campus"
73,ChIJJWwZcX3YJIgRvRQn8NL5MaI,"Dorsey College - Roseville, MI Campus"
74,ChIJt74AonLFJIgRZfEW09P61W4,"Dorsey College - Madison Heights, MI Campus"
75,ChIJt74AonLFJIgRZfEW09P61W4,"Dorsey College - Madison Heights, MI Campus"
76,ChIJE0fGXhY1O4gR7Mcj3c426Vo,"Dorsey College - Dearborn, MI Campus"
77,ChIJ0c1gzxdFtokRfbZQfZEJjBg,Centreville High School
78,ChIJV8uaEcB8GYgRKdwP1-FkMDM,GVSU - Muskegon Regional Center
79,ChIJKZI5O8MyHogRlJAlFWJOWiA,Central Michigan University Traverse City Center
80,ChIJjzmdDB-jGYgR-jLs4LNnA-o,Grand Valley State University
81,ChIJ7x7z4dutGYgRgFYGzy3-4Ng,Grand Valley State University: Pew Campus
82,ChIJkQbDh1HREIgRFV5MN5ILclg,Berrien Springs High School
83,ChIJee3nQ5KYSk0RUpQ7_6Ss1D0,Boyne City High School
84,ChIJjzmdDB-jGYgR-jLs4LNnA-o,Grand Valley State University
85,ChIJjzmdDB-jGYgR-jLs4LNnA-o,Grand Valley State University
86,ChIJM65x11mjGYgRJ9o6A9gkgCA,Grand valley state university
87,ChIJM65x11mjGYgRJ9o6A9gkgCA,Grand valley state university
88,ChIJL4qWeHY5Nk0RU8FM-RSVZSU,Lake Superior State University
89,ChIJKZI5O8MyHogRUTuexZgiFAE,GVSU Traverse City Regional Center
90,ChIJ7x7z4dutGYgRgFYGzy3-4Ng,Grand Valley State University: Pew Campus
91,ChIJx6A0anfxF4gRJvrsP_mj970,Kellogg Community College
92,ChIJDT_QvkgrJ4gRF0xWDm5A_0g,Iosco Resa
93,ChIJz_qGKfMgUU0RF4kp1SzKMaw,Keweenaw Bay Ojibwa Community College
94,ChIJl4U308JFNU0RiLv7aF_sxEg,Kirtland Community College M-TEC
95,ChIJB-EDKDv-IIgROPXd9jXOe00,Kirtland Community College
96,ChIJ06sg3RGoMYgRPIry8IwJ800,Kirtland Rehabilitation and Care
97,ChIJ_WsGB_qcJYgRKGlR_9LZH60,Lakewood School of Therapeutic Massage
98,ChIJZe0tCFdSO4gRony2pxOgHdw,L’esprit Academy: Canton Campus
99,ChIJZe0tCFdSO4gRony2pxOgHdw,L’esprit Academy: Canton Campus
100,ChIJgcnafCBSO4gRD8ovKjED1oo,MIAT College of Technology
101,ChIJZbFmpn8pGIgRzdEQmh-o6UA,Michigan Career & Technical Institute
102,ChIJH09QRtDeJIgR5p1Qy5O7IrY,Oakland University at MCCC University Center
103,ChIJH09QRtDeJIgR5p1Qy5O7IrY,Oakland University at MCCC University Center
104,ChIJ1VfguYo0O4gRfHU7pTbYlns,Dearborn Federation-Teachers
105,ChIJTwADdHQ1O4gRWHcjTefsvDc,University of Michigan-Dearborn
106,ChIJ87zHi5HqJIgRTXuR8VgWT6I,Human Health Building
107,ChIJP1-JSpLqJIgRmUDBbbDvlOk,Oakland University
108,ChIJXwHDxo_qJIgR77mW7tj2Ryg,Oakland University Academic Success Center
109,ChIJP1-JSpLqJIgRmUDBbbDvlOk,Oakland University
110,ChIJmZHu6FvFIogRAkYlmjwT1pg,Mason Public Schools
111,ChIJ0Ri7-6yGJIgRRNrtQIT9vDE,Reid Elementary School
112,ChIJT3Elpk5TGIgRjGyc9Yq4eGA,Kent Intermediate School District
113,ChIJmWwDnrg4I4gRiJZOYzXmqjo,Livingston Educational Service Agency
114,ChIJAebinfEgJYgRYQGlXQ_OxsE,Oakland University Anton/Frankel Center
115,ChIJsQNzXoXqJIgRXwHp8sNAGUo,Oakland University William Beaumont School of Medicine
116,ChIJsQNzXoXqJIgRXwHp8sNAGUo,Oakland University William Beaumont School of Medicine
117,ChIJ2b82vI_qJIgRXJvTfuTEggg,Oakland Center
118,ChIJdbRFkI5OO4gRHanpzyLeVTA,Wayne Regional Educational Service Agency
119,ChIJVyJogS_OJIgR3ivLlXOjNOk,Hazel Park Schools Administration Building
120,ChIJ2b82vI_qJIgRXJvTfuTEggg,Oakland Center
121,ChIJWeMXuYOuJIgRWhhyNRhiLac,University Pediatricians Autism Center – Novi
122,ChIJUeD6TuylJIgRE5-TuTVmsJM,Walled Lake Consolidated Schools
123,ChIJH09QRtDeJIgR5p1Qy5O7IrY,Oakland University at MCCC University Center
124,ChIJP1-JSpLqJIgRmUDBbbDvlOk,Oakland University
125,ChIJdwe6BU3kJIgRDO7_tNSCAP8,Indian Hills Elementary School
126,ChIJEQSbJL3IJIgR5RxFJC3KVRY,Healing Haven Behavioral Health & Autism Therapy Services
127,ChIJe77Ctt7LJIgRdg6m_pjT0uA,University YES Academy
128,ChIJ6cyGNc3JJIgRVAMomSKHbhs,Northwestern Technological Institute
129,ChIJdcxWG3nyF4gRKQyINYDgLPA,The Salon Professional Academy
130,ChIJFZSWZExVPYgR6xPGn3-cb_c,The University of Olivet
131,ChIJx6A0anfxF4gRJvrsP_mj970,Kellogg Community College
132,ChIJqfOlYyHIJIgRonELvF-1sqA,Siena Heights University-Southfield
133,ChIJiXMBPjrPEIgRFm8csM5jF84,Siena Heights University
134,ChIJ51G11B7yPIgRYg87w3I57fg,Siena Heights University
135,ChIJ7U402HnqIogR2upi5g9_0uw,Siena Heights University - Lansing
136,ChIJ51G11B7yPIgRYg87w3I57fg,Siena Heights University
137,ChIJ51G11B7yPIgRYg87w3I57fg,Siena Heights University
138,ChIJqfOlYyHIJIgRonELvF-1sqA,Siena Heights University-Southfield
139,ChIJ51G11B7yPIgRYg87w3I57fg,Siena Heights University
140,ChIJ51G11B7yPIgRYg87w3I57fg,Siena Heights University
141,ChIJ51G11B7yPIgRYg87w3I57fg,Siena Heights University
142,ChIJH25xQEstO4gRls0sNYFZyiA,Metropolitan Center for High Technology
143,ChIJCWiU86hvO4gRKkfT7NLLE7o,ProMedica Monroe Regional Hospital
144,ChIJq2SGYgXNJIgR19hL1qryvks,Sacred Heart Major Seminary
145,ChIJF_FNsul6GIgRXF8D_oAzxa4,School of Missionary Aviation Technology
146,ChIJPeUUHyGpPIgRsI9kAeoHres,Washtenaw Community College
147,ChIJlUFMp4euPIgRNqDWDGnACHo,The University of Michigan - North Campus
148,ChIJoTE-NDyuPIgRNVNiSvjoHY8,Exhibit A2 Hotel
149,ChIJ0YtAjWiuPIgRh4qyTHE7Prk,University of Michigan Hospital
150,ChIJTWllB-27woARFHntVl3XnBc,"InterContinental Los Angeles Century City, an IHG Hotel"
151,ChIJJ-Ng6DatGYgReQui2u1IRss,Perrigo
152,ChIJxebvlTrKJIgRYPgbA-pnnDY,Cornerstone Adams-Young Middle School
153,ChIJEdDWPTBTGIgR6ky4wgnZ7Xo,NorthPointe Christian Middle and High School
154,ChIJp-jVoSVTGIgRhQY1Sx9elbk,Cornerstone University
155,ChIJa60M3EN3F4gR5WDQ8u529oo,Cornerstone University
156,ChIJsUSmW06dF4gRvi3KhpgEFyw,Galilee Baptist Church
157,ChIJj9G5Wsy_IogRiRLldtuo30c,Cornerstone University
158,ChIJp-jVoSVTGIgRhQY1Sx9elbk,Cornerstone University
159,ChIJp-jVoSVTGIgRhQY1Sx9elbk,Cornerstone University
160,ChIJAVS2s8q3JIgRrbNytyII_fM,Hope United Methodist Church
161,ChIJuZH2LtUyO4gRhCv4wPOp7CM,Third New Hope
162,ChIJp-jVoSVTGIgRhQY1Sx9elbk,Cornerstone University
163,ChIJizs2IuDyGYgRUF_QNujvmrs,Calvary Schools of Holland
164,ChIJDd9YwbUhJYgRIlJMVGsnZCA,Kensington Church
165,ChIJ3y5yhfPFEIgREB9FAALM4HM,The Orchards Mall
166,ChIJ5Zqa5g3DuIkRK85PTMhXnAU,New Holy Trinity Church of God in Christ
167,ChIJP9IstpfAIogRVDv_5ANof2Q,Lansing Church-God In Christ
168,ChIJZSz6JOqwJIgRTnU4UB3tcAY,The Michigan School of Psychology
169,ChIJcwuOZb-_IogR8U_1GiKY0dM,Lansing Community College
170,ChIJBWVOO1DeJIgRHBlWhyiD5FU,MSU College of Osteopathic Medicine
171,ChIJcwuOZb-_IogR8U_1GiKY0dM,Lansing Community College
172,ChIJcwuOZb-_IogR8U_1GiKY0dM,Lansing Community College
173,ChIJ7aQjxrMEIogRHzx5Xh86xMM,Central Michigan University
174,ChIJcwuOZb-_IogR8U_1GiKY0dM,Lansing Community College
175,ChIJ2dL1QcmtGYgRAQXZsoleXHQ,Secchia Center
176,ChIJcwuOZb-_IogR8U_1GiKY0dM,Lansing Community College
177,ChIJXdU378fOEIgRWqFVXuA3aH4,Michigan State University: Southwest Michigan Research and Extension Center
178,ChIJcwuOZb-_IogR8U_1GiKY0dM,Lansing Community College
179,ChIJcwuOZb-_IogR8U_1GiKY0dM,Lansing Community College
180,ChIJcwuOZb-_IogR8U_1GiKY0dM,Lansing Community College
181,ChIJcwuOZb-_IogR8U_1GiKY0dM,Lansing Community College
182,ChIJS8Go9cnSJIgRJqPsJXVRcgc,MSU Detroit Center
183,ChIJcwuOZb-_IogR8U_1GiKY0dM,Lansing Community College
184,ChIJ8575DkKCI4gRKTKOWgC80ZE,MSU Flint Area Medical Education
185,ChIJcwuOZb-_IogR8U_1GiKY0dM,Lansing Community College
186,ChIJcwuOZb-_IogR8U_1GiKY0dM,Lansing Community College
187,ChIJN_eBk2ivPIgRvkhLkecly5U,Southeast Area Park
188,ChIJcwuOZb-_IogR8U_1GiKY0dM,Lansing Community College
189,ChIJ8575DkKCI4gRKTKOWgC80ZE,MSU Flint Area Medical Education
190,ChIJcwuOZb-_IogR8U_1GiKY0dM,Lansing Community College
191,ChIJEd_RR1slPYgRioEEcWhIRwo,Mid Michigan Health Center
192,ChIJcwuOZb-_IogR8U_1GiKY0dM,Lansing Community College
193,ChIJjY9ZrTi8TU0R3XLpFFbiD_U,Bay College
194,ChIJcwuOZb-_IogR8U_1GiKY0dM,Lansing Community College
195,ChIJvxyNF53eI4gR2EDOwJOaVzs,Delta College - Main Campus
196,ChIJcwuOZb-_IogR8U_1GiKY0dM,Lansing Community College
197,ChIJn5dpAROsF4gRXKAoBDPM6A8,Glen Oaks Community College
198,ChIJcwuOZb-_IogR8U_1GiKY0dM,Lansing Community College
199,ChIJx6A0anfxF4gRJvrsP_mj970,Kellogg Community College
200,ChIJcwuOZb-_IogR8U_1GiKY0dM,Lansing Community College
201,ChIJ40sIxGHBJIgRIQtr--VXVKY,MSU Management Education Center
202,ChIJcwuOZb-_IogR8U_1GiKY0dM,Lansing Community College
203,ChIJr6Pbr-ZkO4gR38LX2mygGDc,Monroe County Community College
204,ChIJcwuOZb-_IogR8U_1GiKY0dM,Lansing Community College
205,ChIJfYQrXpuaGIgROBR0T4VmskE,Montcalm Community College
206,ChIJcwuOZb-_IogR8U_1GiKY0dM,Lansing Community College
207,ChIJcwuOZb-_IogR8U_1GiKY0dM,Lansing Community College
208,ChIJcwuOZb-_IogR8U_1GiKY0dM,Lansing Community College
209,ChIJ8VEmb8B8GYgRDpyVr8GCwxY,Muskegon Community College
210,ChIJcwuOZb-_IogR8U_1GiKY0dM,Lansing Community College
211,ChIJb9tYEKDSH4gRlAKhMqfEaDw,Northwestern Michigan College
212,ChIJcwuOZb-_IogR8U_1GiKY0dM,Lansing Community College
213,ChIJcwuOZb-_IogR8U_1GiKY0dM,Lansing Community College
214,ChIJcwuOZb-_IogR8U_1GiKY0dM,Lansing Community College
215,ChIJ0bB15CTKJIgRGv62hpnZ_j8,Wayne County Community College District
216,ChIJcwuOZb-_IogR8U_1GiKY0dM,Lansing Community College
217,ChIJuSWtnzIfHIgRxSqsMiby5x8,West Shore Community College
218,ChIJcwuOZb-_IogR8U_1GiKY0dM,Lansing Community College
219,ChIJ____dITCIogR9DKNbHW0w5I,Michigan State University College of Law
220,ChIJ3yqECyC2UE0RhGQXidmeCLU,Finlandia University
221,ChIJw37QcsatGYgRJ0a3xZrYRXk,Kendall College of Art and Design of Ferris State University
222,ChIJ0Zwj5CLTGIgRkeQ1OYnoEaU,Ferris State University
223,ChIJ0Zwj5CLTGIgRkeQ1OYnoEaU,Ferris State University
224,ChIJ0Zwj5CLTGIgRkeQ1OYnoEaU,Ferris State University
225,ChIJ7_xL7N1NGIgRCxLAbv5P2Zk,Ferris State University - Grand Rapids
226,ChIJ7_xL7N1NGIgRCxLAbv5P2Zk,Ferris State University - Grand Rapids
227,ChIJ7_xL7N1NGIgRCxLAbv5P2Zk,Ferris State University - Grand Rapids
228,ChIJ0Zwj5CLTGIgRkeQ1OYnoEaU,Ferris State University
229,ChIJ0Zwj5CLTGIgRkeQ1OYnoEaU,Ferris State University
230,ChIJ0Zwj5CLTGIgRkeQ1OYnoEaU,Ferris State University
231,ChIJ0Zwj5CLTGIgRkeQ1OYnoEaU,Ferris State University
232,ChIJ0Zwj5CLTGIgRkeQ1OYnoEaU,Ferris State University
233,ChIJ0Zwj5CLTGIgRkeQ1OYnoEaU,Ferris State University
234,ChIJKZI5O8MyHogRc7crDk9i2ac,NMC University Center
235,ChIJGyNqQSfTGIgRcoBoYs5HSwc,David L. Eisler Center
236,ChIJ0Zwj5CLTGIgRkeQ1OYnoEaU,Ferris State University
237,ChIJ0Zwj5CLTGIgRkeQ1OYnoEaU,Ferris State University
238,ChIJ0Zwj5CLTGIgRkeQ1OYnoEaU,Ferris State University
239,ChIJ0Zwj5CLTGIgRkeQ1OYnoEaU,Ferris State University
240,ChIJ0Zwj5CLTGIgRkeQ1OYnoEaU,Ferris State University
241,ChIJ0Zwj5CLTGIgRkeQ1OYnoEaU,Ferris State University
242,ChIJ0Zwj5CLTGIgRkeQ1OYnoEaU,Ferris State University
243,ChIJ0Zwj5CLTGIgRkeQ1OYnoEaU,Ferris State University
244,ChIJ0Zwj5CLTGIgRkeQ1OYnoEaU,Ferris State University
245,ChIJqaVfqaXIQIYRf8PTc49aphc,Lone Star College-Houston North Victory
246,ChIJ1aG_sY2tJIgRE4F59N3bfQo,Schoolcraft College
247,ChIJZQjOJZ6zJIgRMrDiyI1aFZw,Metro by T-Mobile
248,ChIJI3Ttekg3R4YR2o6zrg8B7pg,University Center at LSC-Montgomery
249,ChIJYfduP__HEIgR0u3goTlVhfg,Progress 2 Success
250,ChIJl4U308JFNU0Rpa_AM-nSPy0,Kirtland Community College - Gaylord
251,ChIJM-LFS-qCI4gRFG4YdXfvtA8,Flint Institute of Barbering
252,ChIJsQb4qKGBGYgRW6LeKWGceUs,French Academy of Cosmetology
253,ChIJcysrr5V_O4gRj8Wf6PUMNWk,Monroe County Community College - Whitman Center
254,ChIJ9dFnNJyaGIgRFVvGgBjFy3A,Montcalm Area Career Center
255,ChIJgxtTy8lNO4gRmNkbrrhOs28,Radcliff Center - City of Garden City
256,ChIJdUJJ2_ezJIgRAcJOs0q1RTk,Schoolcraft College Manufacturing & Engineering Center
257,ChIJpwqZi9_FJIgRRoXRhtIlvOA,Elevate Salon Institute
258,ChIJpwqZi9_FJIgRRoXRhtIlvOA,Elevate Salon Institute
259,ChIJD6JKJK2vJIgRqFTSbpjVkeU,Walsh
260,ChIJWfES3AzEJIgRVB9os6j0CRQ,Walsh College
261,ChIJ0bB15CTKJIgRGv62hpnZ_j8,Wayne County Community College District
262,ChIJ0bB15CTKJIgRGv62hpnZ_j8,Wayne County Community College District
263,ChIJ0bB15CTKJIgRGv62hpnZ_j8,Wayne County Community College District
264,ChIJ45iZ_B3KJIgRpS7qHcEQbBQ,Digital Labor Studios
265,ChIJNzy7F8nNSYYRVf_8yuHTR2o,Clarkston Elementary School
266,ChIJMX5McinIJIgR1yFZQAfXcyU,Lawrence Technological University
267,ChIJMX5McinIJIgR1yFZQAfXcyU,Lawrence Technological University
268,ChIJMX5McinIJIgR1yFZQAfXcyU,Lawrence Technological University
269,ChIJMX5McinIJIgR1yFZQAfXcyU,Lawrence Technological University
270,ChIJcwuOZb-_IogR8U_1GiKY0dM,Lansing Community College
271,ChIJMX5McinIJIgR1yFZQAfXcyU,Lawrence Technological University
272,ChIJMX5McinIJIgR1yFZQAfXcyU,Lawrence Technological University
273,ChIJxcS-UxjMJIgRUNG5H54WsCQ,Metro Detroit Barber College
274,ChIJfalPrW81O4gR3kemLQ_Izpw,Henry Ford College
275,ChIJfalPrW81O4gR3kemLQ_Izpw,Henry Ford College
276,ChIJfSGoG0GdF4gRQYbnL_OPhUE,KVCC Arcadia Commons Campus
277,ChIJ687jWhSdF4gRB8dzkZ-M86s,Kalamazoo Valley Culinary/Allied Health Building
278,ChIJH0ze8RKdF4gRsRk8wPNdnfM,Food Innovation Center
279,ChIJ-6Y6tjbPEIgRvamfG_C1KxM,Lake Michigan College
280,ChIJ55Dnl1lTF4gRFfcU-xQqHV8,Lake Michigan College - South Haven Campus
281,ChIJ-6Y6tjbPEIgRvamfG_C1KxM,Lake Michigan College
282,ChIJ-6Y6tjbPEIgRvamfG_C1KxM,Lake Michigan College
283,ChIJL4qWeHY5Nk0RU8FM-RSVZSU,Lake Superior State University
284,ChIJy17qcMJFNU0Rnut5jzf14_o,Lake Superior State University
285,ChIJxaskCctLUk0R1keb4m3Y7PM,Bay College West Campus
286,ChIJcwuOZb-_IogR8U_1GiKY0dM,Lansing Community College
287,ChIJAxDzL9HgNU0Rpl_AaSjftXY,Les Cheneaux Culinary School
288,ChIJ34eDFbzCIogRfY_6w_Cq8Zo,Lansing Community College East Campus
289,ChIJcwuOZb-_IogR8U_1GiKY0dM,Lansing Community College
290,ChIJlUWi_A7QIogRjywxHX-um6E,Lansing Community College Aviation Technology
291,ChIJ3VOLLubqIogRndra5pGVNj4,AIS Equipment - Lansing
292,ChIJH09QRtDeJIgRKw0IeLlZSTg,University Center
293,ChIJbSmGRsXJJIgRZt-M6sI2kyg,Specs @ LTU
294,ChIJq5ElgqMrEYgRmPzzk8CU8bs,Southwestern Michigan College Niles
295,ChIJPwqFwEneJIgRWtAFyG7fmTE,Wayne State University Macomb Education Center
296,ChIJnyGS5rU1O4gRcYAytI_oGzE,Wayne State University Physician Group Orthopedics Dearborn
297,ChIJQ9hCnbzSJIgRTl7fSYmWiLY,Wayne State University
298,ChIJwX-nu7TNJIgRme6OxqbUsAs,Focus: HOPE
299,ChIJm1cGJF6wJIgRxQetONrkHoE,Wayne State University Oakland Center
300,ChIJAcsbrevZJIgRdC7og_8YUj4,Wayne State University - Advanced Technology Education Center
301,ChIJsa5MiD_PJIgRlPmwVVQ8mEA,Oakland Community College - Royal Oak Campus
302,ChIJdbRFkI5OO4gRHanpzyLeVTA,Wayne Regional Educational Service Agency
303,ChIJQ9hCnbzSJIgRTl7fSYmWiLY,Wayne State University
304,ChIJAcsbrevZJIgRdC7og_8YUj4,Wayne State University - Advanced Technology Education Center
305,ChIJASt9RcgwO4gRbcO90S54iGY,Wyandotte City School District
306,ChIJsa5MiD_PJIgRlPmwVVQ8mEA,Oakland Community College - Royal Oak Campus
307,ChIJ5zQdbqTTJIgRCZJSfvrdkyc,Detroit Public Schools
308,ChIJkfOB-Es0O4gRc8pxxW7_iFw,Ford Motor Company
309,ChIJ9XG-kUHSJIgRgZ4OUh7opSg,Hamtramck Public Schools
310,ChIJ8QwwClLeJIgRjTP0PGeB_2k,Macomb Intermediate School District
311,ChIJ46NDetjSJIgR55ZGikXmbvk,Detroit Edison Public School Academy
312,ChIJZ3zLI_XDJIgRRtm1X4WZWDg,Troy School District
313,ChIJfb5nYnEjPYgRwzc6WaQteTA,Jackson College
314,ChIJk7xKJj6dF4gRqi_WWn25Y5w,Western Michigan University Homer Stryker M.D. School of Medicine
315,ChIJ-cWiYZCdF4gRyxd1bqVr03I,West Michigan College of Barbering and Beauty
316,ChIJcQopGaXyGYgRPLS_55WNMrM,Western Theological Seminary
317,ChIJ28ENBPlGI4gRet-wPC9bSCM,Cleary University
318,ChIJ28ENBPlGI4gRet-wPC9bSCM,Cleary University
319,ChIJ28ENBPlGI4gRet-wPC9bSCM,Cleary University
320,ChIJfalPrW81O4gR3kemLQ_Izpw,Henry Ford College
321,ChIJ28ENBPlGI4gRet-wPC9bSCM,Cleary University
322,ChIJfalPrW81O4gR3kemLQ_Izpw,Henry Ford College
323,ChIJ28ENBPlGI4gRet-wPC9bSCM,Cleary University
324,ChIJ28ENBPlGI4gRet-wPC9bSCM,Cleary University
325,ChIJ28ENBPlGI4gRet-wPC9bSCM,Cleary University
326,ChIJ28ENBPlGI4gRet-wPC9bSCM,Cleary University
327,ChIJ28ENBPlGI4gRet-wPC9bSCM,Cleary University
328,ChIJ28ENBPlGI4gRet-wPC9bSCM,Cleary University
329,ChIJfYQrXpuaGIgROBR0T4VmskE,Montcalm Community College
330,ChIJ28ENBPlGI4gRet-wPC9bSCM,Cleary University
331,ChIJ28ENBPlGI4gRet-wPC9bSCM,Cleary University
332,ChIJ28ENBPlGI4gRet-wPC9bSCM,Cleary University
333,ChIJ-SJZ9X_NJIgRd_UhqzhkN0Q,Cleary University
334,ChIJ28ENBPlGI4gRet-wPC9bSCM,Cleary University
335,ChIJ28ENBPlGI4gRet-wPC9bSCM,Cleary University
336,ChIJ28ENBPlGI4gRet-wPC9bSCM,Cleary University
337,ChIJ28ENBPlGI4gRet-wPC9bSCM,Cleary University
338,ChIJ28ENBPlGI4gRet-wPC9bSCM,Cleary University
339,ChIJ28ENBPlGI4gRet-wPC9bSCM,Cleary University
340,ChIJ28ENBPlGI4gRet-wPC9bSCM,Cleary University
341,ChIJ28ENBPlGI4gRet-wPC9bSCM,Cleary University
342,ChIJ97LYRpzSJIgRdnBgFa7mKeg,A. Alfred Taubman Center For Design Education
343,ChIJ0Xf2NZTJUE0RSseavPv3cw8,Gogebic Community College Copper Country Center
344,ChIJ0Xf2NZTJUE0RSseavPv3cw8,Gogebic Community College Copper Country Center
345,ChIJz-33LMGtGYgRJJ33b8Jig5c,Compass College of Film & Media
346,ChIJ-do_bDKWJIgRlrY6WXprfvk,Marketti Beauty Supply
347,ChIJF2NjLuKtGYgRj8fuS8StdQo,GRCC Leslie E. Tassell M-TEC
348,ChIJH37wNMatGYgRKpdHJf5bQQ4,Grand Rapids Community College
349,ChIJH37wNMatGYgRKpdHJf5bQQ4,Grand Rapids Community College
350,ChIJT3Elpk5TGIgRjGyc9Yq4eGA,Kent Intermediate School District
351,ChIJN8seRSl_PIgR64WqdLvH-QY,Ottawa Hills Junior/Senior High School
352,ChIJgTnRL5-0GYgR44ws4OU6u_8,East Kentwood High School
353,ChIJ59VxHfScJYgRsIdp6lId28M,St. Clair County Community College
354,ChIJm_DmSigtO4gR33nf-vTiLDQ,Detroit Mercy Law
355,ChIJb_GQVjvMJIgRX0sz5hazau0,University of Detroit Mercy
356,ChIJb_GQVjvMJIgRX0sz5hazau0,University of Detroit Mercy
357,ChIJ-aWzB2TNJIgRdZ7yCNAK9jc,Henry Ford Hospital
358,ChIJb_GQVjvMJIgRX0sz5hazau0,University of Detroit Mercy
359,ChIJb_GQVjvMJIgRX0sz5hazau0,University of Detroit Mercy
360,ChIJb_GQVjvMJIgRX0sz5hazau0,University of Detroit Mercy
361,ChIJb_GQVjvMJIgRX0sz5hazau0,University of Detroit Mercy
362,ChIJb_GQVjvMJIgRX0sz5hazau0,University of Detroit Mercy
363,ChIJ-aWzB2TNJIgRdZ7yCNAK9jc,Henry Ford Hospital
364,ChIJyzl1FXPUJIgRmRzFibNxzcQ,Wayne County Community College Eastern Campus
365,ChIJb_GQVjvMJIgRX0sz5hazau0,University of Detroit Mercy
366,ChIJb_GQVjvMJIgRX0sz5hazau0,University of Detroit Mercy
367,ChIJacYSXebLJIgR54xiFvu4Ink,DMC Sinai Grace Hospital
368,ChIJS9gKN8bSJIgRrcbP1H-FtMo,Children's Hospital of Michigan
369,ChIJ9T_cZcjSJIgRKXEKxElGeRY,Rehabilitation Institute of Michigan Main Campus
370,ChIJm4FN-sbSJIgR8dPJETZMLoQ,DMC Detroit Receiving Hospital
371,ChIJi82DCLjSJIgRFAtsT2EQzc0,DMC Harper University Hospital
372,ChIJ-aWzB2TNJIgRdZ7yCNAK9jc,Henry Ford Hospital
373,ChIJfVyRDly7JIgRN0Ie_tPxme0,Henry Ford West Bloomfield Hospital
374,ChIJAVka5FneJIgRH9Xts5ti3to,Henry Ford Macomb Hospital - Clinton Township
375,ChIJYaVT3gSkJIgR3W39ZsLIdd0,Detroit Medical Center Huron Valley-Sinai Hospital
376,ChIJ2TnLzbjSJIgRbMJQDRWkH8c,John D. Dingell VA Medical Center
377,ChIJb_GQVjvMJIgRX0sz5hazau0,University of Detroit Mercy
378,ChIJ06Cx_OpJO4gR5jqXirhYtRY,"Beaumont Hospital, Taylor"
379,ChIJb_GQVjvMJIgRX0sz5hazau0,University of Detroit Mercy
380,ChIJC_vm35SvJIgRgU3OdvQ3IIo,University of Detroit Mercy - Novi Campus
381,ChIJkawo0QTWJIgRK2SaNP_SV0Y,Ascension St. John Hospital
382,ChIJb_GQVjvMJIgRX0sz5hazau0,University of Detroit Mercy
383,ChIJb_GQVjvMJIgRX0sz5hazau0,University of Detroit Mercy
384,ChIJb_GQVjvMJIgRX0sz5hazau0,University of Detroit Mercy
385,ChIJkWhIP9jCJIgRl9HtffA9PRk,"Beaumont Hospital, Troy"
386,ChIJjVAhY-E0O4gRwbQseTGVWB0,Ford Motor Co
387,ChIJ0X0l9r-tGYgRKH0fEPjJRD8,Trinity Health Grand Rapids
388,ChIJVylN1FtNGIgRgqHyhtrBVp0,Calvin University
389,ChIJ-9pYRobxF4gRmn1HfhCCYp8,Davenport University
390,ChIJHSO1x7utGYgRFTLYgJsZnGc,Davenport University
391,ChIJk90iT9XTJIgRTg1QPSQVt9U,Davenport University
392,ChIJMUeG9TrSFogRg0BAmKhZfZs,Davenport University
393,ChIJHSO1x7utGYgRFTLYgJsZnGc,Davenport University
394,ChIJezkb8yndI4gRHvO86LG1MlE,Davenport University
395,ChIJa4uIFGvtGYgRhg7AsXpYmBg,Davenport University
396,ChIJG54SW9nBIogRI8jdKLiplqU,Davenport University-Lansing Campus
397,ChIJA3klWXjWI4gRX72NzcCfGdk,Davenport University - Great Lakes Bay Campus
398,ChIJwc00xv7PJIgR0WxmCcwPZ9A,Davenport University
399,ChIJA3klWXjWI4gRX72NzcCfGdk,Davenport University - Great Lakes Bay Campus
400,ChIJHSO1x7utGYgRFTLYgJsZnGc,Davenport University
401,ChIJHSO1x7utGYgRFTLYgJsZnGc,Davenport University
402,ChIJA3klWXjWI4gRX72NzcCfGdk,Davenport University - Great Lakes Bay Campus
403,ChIJG54SW9nBIogRI8jdKLiplqU,Davenport University-Lansing Campus
404,ChIJHSO1x7utGYgRFTLYgJsZnGc,Davenport University
405,ChIJ3QXLHbqtGYgR3oPS8A4S4a0,Innovation Central High School - Grand Rapids Public Schools
406,ChIJ6eFJiIyBI4gRmkUTXla3ws8,Mott Community College
407,ChIJ9cDNe-19GYgR69sbtN5IHlU,Muskegon Heights Public School Academy System
408,ChIJ0bB15CTKJIgRGv62hpnZ_j8,Wayne County Community College District
409,ChIJEdRtzkrWJIgRzk2HIfy9fMM,Mary Ellen Stempfle University Center
410,ChIJ_94y-aAyO4gROhqUwt52yjc,DSDT
411,ChIJf1-IM7MhoFMRhQRaGyy3aUU,Agriculture/Forestry Centre
412,ChIJcwuOZb-_IogR8U_1GiKY0dM,Lansing Community College
413,ChIJ__-_B2AcIogRsa3PQ7jPYvw,Mid Michigan Community College
414,ChIJcwuOZb-_IogR8U_1GiKY0dM,Lansing Community College
415,ChIJk3mQIAXoIYgRm_JAFnJ-z98,Mid Michigan College
416,ChIJcwuOZb-_IogR8U_1GiKY0dM,Lansing Community College
417,ChIJnWj2K1HjIYgRUf-RC9KB2Jg,Farwell High School
418,ChIJcwuOZb-_IogR8U_1GiKY0dM,Lansing Community College
419,ChIJk3mQIAXoIYgRm_JAFnJ-z98,Mid Michigan College
420,ChIJcwuOZb-_IogR8U_1GiKY0dM,Lansing Community College
421,ChIJYyu_HcKeOIYRe-O-Cm--_Kg,Shepherd Middle School
422,ChIJcwuOZb-_IogR8U_1GiKY0dM,Lansing Community College
423,ChIJcwuOZb-_IogR8U_1GiKY0dM,Lansing Community College
424,ChIJcwuOZb-_IogR8U_1GiKY0dM,Lansing Community College
425,ChIJcwuOZb-_IogR8U_1GiKY0dM,Lansing Community College
426,ChIJcwuOZb-_IogR8U_1GiKY0dM,Lansing Community College
427,ChIJN2uiXvoUIogRrt81nIjMGlM,Alma Senior High School
428,ChIJbSmGRsXJJIgRZt-M6sI2kyg,Specs @ LTU
429,ChIJ5c_I0Q7bJIgRy-0NnI81e_Q,U.S. Truck Driver Training School
430,ChIJUVqp1IjxF4gRHjQrkawz4b0,Kendall Center
431,ChIJiS9rM8KtGYgRoOf7AqYlF2c,Western Michigan University
432,ChIJJ4VY8uHBIogRh8OytC1_Pvw,Refugee Development Center
433,ChIJeXZRx798GYgRzF3XRDiWiLA,Western Michigan University - Muskegon
434,ChIJb9tYEKDSH4gRlAKhMqfEaDw,Northwestern Michigan College
435,ChIJiS9rM8KtGYgRoOf7AqYlF2c,Western Michigan University
436,ChIJ0Zwj5CLTGIgRkeQ1OYnoEaU,Ferris State University
437,ChIJP0UDPj7fUU0RQCVEBy3riMA,Northern Michigan University
438,ChIJ-ypUdyqdF4gROwBmGMxrDJk,Ascension Borgess Hospital
439,ChIJrScPrtt3F4gRW2PquYYXfME,Western Michigan University
440,ChIJ0bB15CTKJIgRGv62hpnZ_j8,Wayne County Community College District
441,ChIJCXY91NnBIogRRkz_IMXoV38,Cooley Law School
442,ChIJLyKs3sOtGYgRAIu0xBgNDjg,WMU Thomas M. Cooley Law School
443,ChIJP7fVPNLPwogRUaKxfsG4EJc,Thomas M. Cooley Law School
444,ChIJXSO_zXnqIogRkX2fwPry-Ow,Western Michigan University - Lansing
445,ChIJc4ZdF669JIgRNEkN6TmtjMM,D&S School of Cosmetology
446,ChIJ5yGKLV6dF4gRGUDjG8roZhQ,Kalamazoo College
447,ChIJuc8Ei_69TU0RMhsP9MLS4Qk,900 Building
448,ChIJP0UDPj7fUU0RQCVEBy3riMA,Northern Michigan University
449,ChIJP0UDPj7fUU0RQCVEBy3riMA,Northern Michigan University
450,ChIJL4qWeHY5Nk0RU8FM-RSVZSU,Lake Superior State University
451,ChIJP0UDPj7fUU0RQCVEBy3riMA,Northern Michigan University
452,ChIJiwmwSerZJIgRVhqfawMowbY,Macomb Community College
453,ChIJcSOZZArNH4gRJrvGfJ_bPB0,Northwestern Michigan College - Aero Park Campus
454,ChIJiW_JK6oyHogRqgnS72ENNgU,Great Lakes Campus - Northwestern Michigan College
455,ChIJb9tYEKDSH4gRlAKhMqfEaDw,Northwestern Michigan College
456,ChIJjY9ZrTi8TU0R3XLpFFbiD_U,Bay College
457,ChIJnfyfXDCBSk0RDBGp5gAxs_A,Little Traverse Bay Bands of Odawa Indians
458,ChIJYZFvRsMxxFIRDxrhdPoXU9c,University of Mary - Grand Forks Air Force Base Campus
459,ChIJ4wJRIKqxt4kRV9smiHF7ioQ,Central Michigan University in Alexandria
460,ChIJ08xrDThTGIgRb1-4ueewemM,Central Michigan University Grand Rapids Center
461,ChIJ7aQjxrMEIogRHzx5Xh86xMM,Central Michigan University
462,ChIJnWYYhGRiOIgRZv5cJmwYRNQ,Central Michigan University Columbus
463,ChIJLwAAALA0O4gRW66Xw4zplTM,Central Michigan University Dearborn Center
464,ChIJ9Wu6HDAtO4gR7olNyK_3LmI,Central Michigan University
465,ChIJ2Vcum8rv9IgRW8P7kTAdZfE,Lafayette Educational Center
466,ChIJ08xrDThTGIgRb1-4ueewemM,Central Michigan University Grand Rapids Center
467,ChIJ8eQAtpTyGYgR0FWHhQBE_zg,Holland Hospital
468,ChIJUVDfF5rpIogRUVsaP_aT9sU,Central Michigan University East Lansing Center
469,ChIJKZI5O8MyHogRlJAlFWJOWiA,Central Michigan University Traverse City Center
470,ChIJP0UDPj7fUU0RQCVEBy3riMA,Northern Michigan University
471,ChIJe06q4GXf3lIR6pc0twBpE60,Central Michigan University
472,ChIJ7UwU5ZmESk0RXt1DwjWuUjM,North Central Michigan College
473,ChIJaeJILlUUsYkRydcGL7sR0ME,Central Michigan University Richmond Center
474,ChIJaeJILlUUsYkRydcGL7sR0ME,Central Michigan University Richmond Center
475,ChIJuSWtnzIfHIgRxSqsMiby5x8,West Shore Community College
476,ChIJUUJnDb4yMYYRYNpMLqIK8v0,Overton Brooks VA Medical Center
477,ChIJ7aQjxrMEIogRHzx5Xh86xMM,Central Michigan University
478,ChIJm9ErkJzaJIgRSjS0xxIDDaQ,Central Michigan University Warren Center
479,ChIJ5UTAzULCI4gR419bpYHHs-Q,Central Michigan University College of Medicine Education Building
480,ChIJm2Y1VwZ0F4gRGMhJCCtAVGo,Kalamazoo Valley Community College
481,ChIJi_vVwbMS9YgRdE3vevgQg2A,Pope High School
482,ChIJcXADb_fEJIgROteuDVcWZFQ,Central Michigan University Troy Center
483,ChIJo5SGPLe79YgRDp1uD91W2HI,Brookwood High School
484,ChIJH0sUom4d9YgRkxRlPkcekAU,Paul D. West Middle School
485,ChIJZQlNitZ3YIgRCTmO830QTXA,Varnell Elementary School
486,ChIJ9Wu6HDAtO4gR7olNyK_3LmI,Central Michigan University
487,ChIJje3dkfOtJIgRNnt72vSh5tc,Central Michigan University
488,ChIJm9ErkJzaJIgRSjS0xxIDDaQ,Central Michigan University Warren Center
489,ChIJqchYEKqxt4kRb26ug2oZCSo,Embassy Suites by Hilton Alexandria Old Town
490,ChIJHRmizOvyF4gRRT-CpBMiJ6o,Battle Creek Air National Guard Base
491,ChIJQ5OKKhdy3IARytQfz1JcHgI,Carlsbad Senior Center
492,ChIJga6Infkm9YgR00OIjWUup1Y,West Georgia Technical College
493,ChIJw3diIMED9YgRhElfXkkHQJ0,Fort McPherson VA Clinic
494,ChIJXYr9MLHnt4kR6BZfeTrAFps,Fort Meade Education and Resiliency Center at Kuhn Hall
495,ChIJ08xrDThTGIgRb1-4ueewemM,Central Michigan University Grand Rapids Center
496,ChIJ7U402HnqIogRtcre2USEXWY,University Center
497,ChIJDxieTMrSJIgRREjeWb_SfVM,Ecumenical Theological Seminary
498,ChIJp3RjcDk9GIgRnjmpheGtTVk,Kellogg Community College Fehsenfeld Center
499,ChIJx6A0anfxF4gRJvrsP_mj970,Kellogg Community College
500,ChIJx6A0anfxF4gRJvrsP_mj970,Kellogg Community College
501,ChIJcwoH7ZZRPYgRzs2Jc7ilv5A,Kellogg Community College Eastern Academic Center
502,ChIJO6ufxWzXF4gR2z73rxkLyYk,Branch Area Careers Center
503,ChIJ9TNoGyupPIgRvbyZPIqSCZU,Eastern Michigan University
504,ChIJu0-YaUstO4gRPQMZ6zLBOXg,Eastern Mi University Sm Bus
505,ChIJ08xrDThTGIgRb1-4ueewemM,Central Michigan University Grand Rapids Center
506,ChIJQcxfM3EjPYgRqCeVJBzpzvg,Eastern Michigan University - Jackson Campus
507,ChIJV0fA1oWtJIgRhYqUlCGnbu4,Eastern Michigan University
508,ChIJr6Pbr-ZkO4gR38LX2mygGDc,Monroe County Community College
509,ChIJKZI5O8MyHogRQg-5YykELKc,Eastern Michigan University
510,ChIJ9TNoGyupPIgRvbyZPIqSCZU,Eastern Michigan University
511,ChIJQcxfM3EjPYgRqCeVJBzpzvg,Eastern Michigan University - Jackson Campus
512,ChIJ9TNoGyupPIgRvbyZPIqSCZU,Eastern Michigan University
513,ChIJ-w9iNK7kOYgRYH6V3JnjY6o,Ashland Theological Seminary
514,ChIJm3PMxO8sDogRT_BsfzvGs80,Paul Mitchell The School Chicago
515,ChIJh40mM_NNDogRfNwy9C4OmGw,Paul Mitchell The School Lombard
516,ChIJe7tzyOZyPYgR__XfGiJ0CLQ,Hillsdale Beauty College
517,ChIJf0hFsiW4t4kR5at2GsR8rfA,Hillsdale College Kirby Center
518,ChIJTa7ADlIDIogRsGNZz9Dm7Ug,M J Murphy Beauty College of Mt. Pleasant
519,ChIJ8VEmb8B8GYgRDpyVr8GCwxY,Muskegon Community College
520,ChIJY5Fm4GWHGYgRRMjJ3j4NbcI,Muskegon Community College - Grand Haven Satellite Campus
521,ChIJbe-6nX59GYgRV29BN2KTg0I,Muskegon Community College Carolyn I. and Peter Sturrus Technology Center
522,ChIJP-WmCAbdI4gRDHBqkqY4ycc,Saginaw Valley State University
523,ChIJbQnwefzIJIgR6PkikNJZnBQ,Yeshiva Gedolah of Greater Detroit
524,ChIJ_aB5IkzwPIgRl8bre6ALrsE,Adrian College
525,ChIJB6ux9w9FPYgRWj5Ptc84xTk,Albion College
526,ChIJQd4-YuqwJIgRhfdFmWSHbxk,Oakland Community College - Orchard Ridge Campus
527,ChIJiV5OFTejJIgRifJ_6Gy_F-I,Oakland Community College - Highland Lakes Campus
528,ChIJp_YL4D7AJIgRT_elnE4Ruh0,Oakland Community College - Auburn Hills Campus
529,ChIJgWEdtwHFJIgRsX4jtr2Gofo,Carnegie Institute
530,ChIJg4JE8yF7I4gRf5b2ljW2KzQ,Mott Community College
531,ChIJ6fFoAN6PI4gRUbjgc6Gti94,Northern Tier Center-Clio
532,ChIJ6eFJiIyBI4gRmkUTXla3ws8,Mott Community College
533,ChIJg4JE8yF7I4gRf5b2ljW2KzQ,Mott Community College
534,ChIJg4JE8yF7I4gRf5b2ljW2KzQ,Mott Community College
535,ChIJzU12HKGDI4gRfCH6IiKjF9k,Mott Community College Culinary Arts Institute
536,ChIJH09QRtDeJIgRKw0IeLlZSTg,University Center
537,ChIJk8wQu5GyJIgRdruIpXLgLyo,Madonna University
538,ChIJl4U308JFNU0RujUQw1NQ-wU,University Center Gaylord
539,ChIJk8wQu5GyJIgRdruIpXLgLyo,Madonna University
540,ChIJo49qh6_OJIgRueaEzF1csSk,U of D Jesuit High School and Academy
541,ChIJAzQuBJCyJIgRXjm7tHVs7aQ,Ladywood High School
542,ChIJIzhKJHW8JIgRKEB8OD6EQdg,St Mary's Preparatory High School
543,ChIJkb62pKA3O4gRc52uIfOl_Is,Downriver Community Conference
544,ChIJfalPrW81O4gR3kemLQ_Izpw,Henry Ford College
545,ChIJ1aGtv0HPJIgRcVAruueOhqM,Douglas J Aveda Institute
546,ChIJLz40Wz-uPIgRninwiPe_f7c,Douglas J Aveda Institute
547,ChIJY_twRQfAJIgR6ByXrvTc07Q,Baker College of Auburn Hills
548,ChIJBWXYtgkJH4gRIMWp0irjKUs,Baker College of Cadillac
549,ChIJjeBrnT0wPYgRU7wIVJnKhCY,Baker College of Jackson
550,ChIJ3Z87R-t8GYgR-cC1ANXaqtw,Baker College of Muskegon
551,ChIJbSkLutgGI4gR8x4PRMo_-iQ,Baker College
552,ChIJybEZNiScJYgR-zPikhkBQxU,Baker College of Port Huron
553,ChIJBWXYtgkJH4gRIMWp0irjKUs,Baker College of Cadillac
554,ChIJybEZNiScJYgR-zPikhkBQxU,Baker College of Port Huron
555,ChIJybEZNiScJYgR-zPikhkBQxU,Baker College of Port Huron
556,ChIJe12pWHIbJIgRHef6iN5tv2I,Tuscola Technology Center
557,ChIJbSzKDQbXF4gRWCecI93Dvnc,Baker College of Coldwater
558,ChIJi_2Fm-g1O4gR8Dm1pMp50GY,Ford Research Parking
559,ChIJL8Qr_ifPJIgR2MfASj_vQ0U,Baker College of Royal Oak
560,ChIJSx947NAGI4gRDOwnpZvG_iI,Baker College of Owosso Welcome Center
561,ChIJ3Z87R-t8GYgR-cC1ANXaqtw,Baker College of Muskegon
562,ChIJ17RU0PNFNU0RVVz3e0XI_8Q,Otsego Memorial Hospital
563,ChIJDcQhyU7DIogRkOuBpRmU-5A,MSU Baker Hall
564,ChIJybEZNiScJYgR-zPikhkBQxU,Baker College of Port Huron
565,ChIJX7kIbdEGI4gRBWC1Uk2CGS0,The Auto Diesel Institute of Michigan
566,ChIJr-s27F3JJYgR0U3tVJ9jt-s,Sanilac Career Center
567,ChIJjeBrnT0wPYgRU7wIVJnKhCY,Baker College of Jackson
568,ChIJSx947NAGI4gRDOwnpZvG_iI,Baker College of Owosso Welcome Center
569,ChIJSx_ZR5T8IIgRQbmETmR_KSo,Ogemaw Heights High School
570,ChIJMy7lh8rqwokRtz1jJ4y3u3k,Hackley School
571,ChIJ3Z87R-t8GYgR-cC1ANXaqtw,Baker College of Muskegon
572,ChIJbSkLutgGI4gR8x4PRMo_-iQ,Baker College
573,ChIJybEZNiScJYgR-zPikhkBQxU,Baker College of Port Huron
574,ChIJL8Qr_ifPJIgR2MfASj_vQ0U,Baker College of Royal Oak
575,ChIJx4nhSVLQJIgRmQyHwkGQSoQ,FCA Warren Stamping Plant
576,ChIJSx947NAGI4gRDOwnpZvG_iI,Baker College of Owosso Welcome Center
577,ChIJL8Qr_ifPJIgR2MfASj_vQ0U,Baker College of Royal Oak
578,ChIJSx947NAGI4gRDOwnpZvG_iI,Baker College of Owosso Welcome Center
579,ChIJL8Qr_ifPJIgR2MfASj_vQ0U,Baker College of Royal Oak
580,ChIJoemzLDmqx4kRuIB6OyHbIyM,i.g. Burton Chrysler Dodge Jeep Ram of Newark
581,ChIJBWXYtgkJH4gRIMWp0irjKUs,Baker College of Cadillac
582,ChIJK4NGFYDbJIgROf788bnMgeE,Stellantis Sterling Heights Assembly Plant
583,ChIJBWXYtgkJH4gRIMWp0irjKUs,Baker College of Cadillac
584,ChIJcSiqQ3PsSk0RapyiqHg62KU,Charlevoix High School
585,ChIJC8U0UwmeJogRY9MT8Ya4LsY,Baker College of Cass City
586,ChIJybEZNiScJYgR-zPikhkBQxU,Baker College of Port Huron
587,ChIJL8Qr_ifPJIgR2MfASj_vQ0U,Baker College of Royal Oak
588,ChIJL8Qr_ifPJIgR2MfASj_vQ0U,Baker College of Royal Oak
589,ChIJ17YxTZ3cJIgRGfTad_BcG_4,General Dynamics Land Systems
590,ChIJPTdpfmDsMIgRLb-I-OoAObw,Ford Motor Company Cleveland Engine
591,ChIJjUU8DEDX1IkRNsvoz7KKJmk,Unicare Cosmetic Clinic
592,ChIJ3R1RLPWz1okRH0ahLe3oI2o,"General Motors Components Holdings, LLC"
593,ChIJPfthM2g_GYgR8_iBNewzdjA,Newaygo County RESA
594,ChIJoScidvtjJIgRWCrogBBjRFc,Lapeer Center for Innovation
595,ChIJbwBfurLhI4gRMmCo-2YBc9E,Bayshire Beauty Academy
596,ChIJbwBfurLhI4gRMmCo-2YBc9E,Bayshire Beauty Academy
597,ChIJO6ufxWzXF4gR2z73rxkLyYk,Branch Area Careers Center
598,ChIJo8l-lcuuPIgRlHN7bwcx6q8,Concordia University Ann Arbor
599,ChIJswPL9N8OyIkRZl0pL7eJi7k,Concordia Preparatory School
600,ChIJsVwO5WDAJIgR2-y3CCBG7dY,Avondale High School
601,ChIJs4p4u5pPI4gRuteDzKhINzA,Brighton High School
602,ChIJkcBn1jedI4gRE5NmOX-ueBg,Carman-Ainsworth High School
603,ChIJwUH4HFOxJIgRyhIxrpCV9pE,Concordia Lutheran School
604,ChIJZzNIrMPhI4gRqoJVQVavWGA,Faith Lutheran School
605,ChIJo8l-lcuuPIgRlHN7bwcx6q8,Concordia University Ann Arbor
606,ChIJK9Ax6msayUwRi8WlnK9BK18,Concordia University FG building
607,ChIJRe_vBOXGt4kRRS42WIQRNZI,Concordia Lutheran School
608,ChIJLep91Q7gI4gR-SnVqzKKcKQ,John Glenn High School
609,ChIJNeAm_vqjJIgR7rLzu_xtAlo,Walled Lake Northern High
610,ChIJqbLKr4GwJIgRG-n1nSgZKa8,North Farmington High School
611,ChIJQe3re-DJJIgRe12yFdwSlTU,University High School Academy
612,ChIJiYLFFeHbJIgRFrcooFc7hjw,Sterling Heights High School
613,ChIJ_c-7UgPZJIgR1RDZbWt5z5I,Saint John School
614,ChIJZTmnKGl1F4gRRfbZaby_414,St. Michael Lutheran School
615,ChIJJ_szjuzd3IARJZvbI9Ci714,Concordia University Irvine
616,ChIJ24KuuH25JIgRrq3S2SNBQ4s,Cranbrook Academy of Art
617,ChIJpVsf32urGYgRSv5rFA7R_AQ,Empire Beauty School
618,ChIJNUkO6gGeF4gRab4aLkodorE,Empire Beauty School
619,ChIJtQUv7BSrGYgR-DiBRBdY4Fg,Everest Institute Grand Rapids
620,ChIJlaHavRm2JIgRRdkcFgVgQMY,Altierus Career Education
621,ChIJPdMQWVLeJIgRIMHSH-Rm9Ko,Excel Salon Spa
622,ChIJzQGlKr6wJIgR_5ngBOcYuGo,Paul Mitchell the School Farmington Hills
623,ChIJ8Zkf-VJHI4gRlYg0XkkyfD0,Operating Engineers Local 324 Journeyman & Apprentice Training Fund
624,ChIJ8Zkf-VJHI4gRlYg0XkkyfD0,Operating Engineers Local 324 Journeyman & Apprentice Training Fund
625,ChIJ8Zkf-VJHI4gRlYg0XkkyfD0,Operating Engineers Local 324 Journeyman & Apprentice Training Fund
626,ChIJ8Zkf-VJHI4gRlYg0XkkyfD0,Operating Engineers Local 324 Journeyman & Apprentice Training Fund
627,ChIJ8Zkf-VJHI4gRlYg0XkkyfD0,Operating Engineers Local 324 Journeyman & Apprentice Training Fund
628,ChIJ8Zkf-VJHI4gRlYg0XkkyfD0,Operating Engineers Local 324 Journeyman & Apprentice Training Fund
629,ChIJiQCNnjjet4kRw4ztnmdg064,OPCMIA International Training Fund
630,ChIJ8Zkf-VJHI4gRlYg0XkkyfD0,Operating Engineers Local 324 Journeyman & Apprentice Training Fund
631,ChIJ8Zkf-VJHI4gRlYg0XkkyfD0,Operating Engineers Local 324 Journeyman & Apprentice Training Fund
632,ChIJOWHZx4KGToYRc-T4qJsHvVs,North Texas Electrical Training Center IBEW-NECA
633,ChIJ8Zkf-VJHI4gRlYg0XkkyfD0,Operating Engineers Local 324 Journeyman & Apprentice Training Fund
634,ChIJ8Zkf-VJHI4gRlYg0XkkyfD0,Operating Engineers Local 324 Journeyman & Apprentice Training Fund
635,ChIJHWP3pk-7JoYRKlHy7NlzaV0,LANTEC of Lousiana Corporate Training Center Baton Rouge
636,ChIJ8Zkf-VJHI4gRlYg0XkkyfD0,Operating Engineers Local 324 Journeyman & Apprentice Training Fund
637,ChIJ8Zkf-VJHI4gRlYg0XkkyfD0,Operating Engineers Local 324 Journeyman & Apprentice Training Fund
638,ChIJ47_I0K37DogRO1_6MJ061Oo,IAM Mechanics Local 701 Union Hall and Training Facility
639,ChIJ8Zkf-VJHI4gRlYg0XkkyfD0,Operating Engineers Local 324 Journeyman & Apprentice Training Fund
640,ChIJ8Zkf-VJHI4gRlYg0XkkyfD0,Operating Engineers Local 324 Journeyman & Apprentice Training Fund
641,ChIJ8Zkf-VJHI4gRlYg0XkkyfD0,Operating Engineers Local 324 Journeyman & Apprentice Training Fund
642,ChIJ8Zkf-VJHI4gRlYg0XkkyfD0,Operating Engineers Local 324 Journeyman & Apprentice Training Fund
643,ChIJ8Zkf-VJHI4gRlYg0XkkyfD0,Operating Engineers Local 324 Journeyman & Apprentice Training Fund
644,ChIJ8Zkf-VJHI4gRlYg0XkkyfD0,Operating Engineers Local 324 Journeyman & Apprentice Training Fund
645,ChIJ8YkgiuYn54gRa9lSri_rsSs,Electrical Training alliance of Daytona Beach
646,ChIJ8Zkf-VJHI4gRlYg0XkkyfD0,Operating Engineers Local 324 Journeyman & Apprentice Training Fund
647,ChIJ8Zkf-VJHI4gRlYg0XkkyfD0,Operating Engineers Local 324 Journeyman & Apprentice Training Fund
648,ChIJ8Zkf-VJHI4gRlYg0XkkyfD0,Operating Engineers Local 324 Journeyman & Apprentice Training Fund
649,ChIJ8Zkf-VJHI4gRlYg0XkkyfD0,Operating Engineers Local 324 Journeyman & Apprentice Training Fund
650,ChIJAQC0E7McVIgREuHvE62kp3o,Breast Cancer Hub
651,ChIJ8Zkf-VJHI4gRlYg0XkkyfD0,Operating Engineers Local 324 Journeyman & Apprentice Training Fund
652,ChIJ8Zkf-VJHI4gRlYg0XkkyfD0,Operating Engineers Local 324 Journeyman & Apprentice Training Fund
653,ChIJ8Zkf-VJHI4gRlYg0XkkyfD0,Operating Engineers Local 324 Journeyman & Apprentice Training Fund
654,ChIJ8Zkf-VJHI4gRlYg0XkkyfD0,Operating Engineers Local 324 Journeyman & Apprentice Training Fund
655,ChIJ9b-4l9gOK4cRF9VQs6L8GS8,Phoenix Safety Training Center
656,ChIJ8Zkf-VJHI4gRlYg0XkkyfD0,Operating Engineers Local 324 Journeyman & Apprentice Training Fund
657,ChIJ8Zkf-VJHI4gRlYg0XkkyfD0,Operating Engineers Local 324 Journeyman & Apprentice Training Fund
658,ChIJGfmjRSB0RogRXJKc_kKQAJc,UA Local 248 Plumbers & Steamfitters
659,ChIJ8Zkf-VJHI4gRlYg0XkkyfD0,Operating Engineers Local 324 Journeyman & Apprentice Training Fund
660,ChIJ8Zkf-VJHI4gRlYg0XkkyfD0,Operating Engineers Local 324 Journeyman & Apprentice Training Fund
661,ChIJsyyHLcxHnQIRz4Bl-Zfagcg,National Criminal Justice Training Center of Fox Valley Technical College
662,ChIJ8Zkf-VJHI4gRlYg0XkkyfD0,Operating Engineers Local 324 Journeyman & Apprentice Training Fund
663,ChIJ8Zkf-VJHI4gRlYg0XkkyfD0,Operating Engineers Local 324 Journeyman & Apprentice Training Fund
664,ChIJ2dGDgFJj_ogRZ9Tj8IKwggY,International Brotherhood of Electrical Workers Local 776
665,ChIJ8Zkf-VJHI4gRlYg0XkkyfD0,Operating Engineers Local 324 Journeyman & Apprentice Training Fund
666,ChIJ8Zkf-VJHI4gRlYg0XkkyfD0,Operating Engineers Local 324 Journeyman & Apprentice Training Fund
667,ChIJaZhF0-pa5IkREvZX6fihjKw,IFPTE Local 400
668,ChIJ8Zkf-VJHI4gRlYg0XkkyfD0,Operating Engineers Local 324 Journeyman & Apprentice Training Fund
669,ChIJ8Zkf-VJHI4gRlYg0XkkyfD0,Operating Engineers Local 324 Journeyman & Apprentice Training Fund
670,ChIJ8Zkf-VJHI4gRlYg0XkkyfD0,Operating Engineers Local 324 Journeyman & Apprentice Training Fund
671,ChIJ8Zkf-VJHI4gRlYg0XkkyfD0,Operating Engineers Local 324 Journeyman & Apprentice Training Fund
672,ChIJ7yM6DoGVtocRcYcjef9wOH0,TDW Global Training Center
673,ChIJ8Zkf-VJHI4gRlYg0XkkyfD0,Operating Engineers Local 324 Journeyman & Apprentice Training Fund
674,ChIJ8Zkf-VJHI4gRlYg0XkkyfD0,Operating Engineers Local 324 Journeyman & Apprentice Training Fund
675,ChIJG9iaty345IcRe8kYbol4XxA,Grant Wood Area Education Agency
676,ChIJ8Zkf-VJHI4gRlYg0XkkyfD0,Operating Engineers Local 324 Journeyman & Apprentice Training Fund
677,ChIJ8Zkf-VJHI4gRlYg0XkkyfD0,Operating Engineers Local 324 Journeyman & Apprentice Training Fund
678,ChIJ8Zkf-VJHI4gRlYg0XkkyfD0,Operating Engineers Local 324 Journeyman & Apprentice Training Fund
679,ChIJ8Zkf-VJHI4gRlYg0XkkyfD0,Operating Engineers Local 324 Journeyman & Apprentice Training Fund
680,ChIJc88OtdGIOIgRl9F0GI9zd80,Columbus International Program
681,ChIJ8Zkf-VJHI4gRlYg0XkkyfD0,Operating Engineers Local 324 Journeyman & Apprentice Training Fund
682,ChIJ8Zkf-VJHI4gRlYg0XkkyfD0,Operating Engineers Local 324 Journeyman & Apprentice Training Fund
683,ChIJO8WcGn8KIocRnzHdnJ98zOw,NM Laborers Training and Apprenticeship Trust Fund
684,ChIJ8Zkf-VJHI4gRlYg0XkkyfD0,Operating Engineers Local 324 Journeyman & Apprentice Training Fund
685,ChIJ8Zkf-VJHI4gRlYg0XkkyfD0,Operating Engineers Local 324 Journeyman & Apprentice Training Fund
686,ChIJ081euuYSaYgRPzBDrONAB58,Local 502 Education & Training
687,ChIJ8Zkf-VJHI4gRlYg0XkkyfD0,Operating Engineers Local 324 Journeyman & Apprentice Training Fund
688,ChIJ8Zkf-VJHI4gRlYg0XkkyfD0,Operating Engineers Local 324 Journeyman & Apprentice Training Fund
689,ChIJVVWVXU2XwoARUexdOsIjUoE,A& J Training Center Apprentice & Journeyperson
690,ChIJ8Zkf-VJHI4gRlYg0XkkyfD0,Operating Engineers Local 324 Journeyman & Apprentice Training Fund
691,ChIJ8Zkf-VJHI4gRlYg0XkkyfD0,Operating Engineers Local 324 Journeyman & Apprentice Training Fund
692,ChIJf111Ig1v3IAR49gzQim7WP8,Marine Corps Base Camp Pendleton
693,ChIJ8Zkf-VJHI4gRlYg0XkkyfD0,Operating Engineers Local 324 Journeyman & Apprentice Training Fund
694,ChIJ8Zkf-VJHI4gRlYg0XkkyfD0,Operating Engineers Local 324 Journeyman & Apprentice Training Fund
695,ChIJ6bkJxHttlVQR-MHe2UWCPCg,UA Local 290 Plumbers & Steamfitters
696,ChIJ8Zkf-VJHI4gRlYg0XkkyfD0,Operating Engineers Local 324 Journeyman & Apprentice Training Fund
697,ChIJ8Zkf-VJHI4gRlYg0XkkyfD0,Operating Engineers Local 324 Journeyman & Apprentice Training Fund
698,ChIJ8Zkf-VJHI4gRlYg0XkkyfD0,Operating Engineers Local 324 Journeyman & Apprentice Training Fund
699,ChIJ8Zkf-VJHI4gRlYg0XkkyfD0,Operating Engineers Local 324 Journeyman & Apprentice Training Fund
700,ChIJ8Zkf-VJHI4gRlYg0XkkyfD0,Operating Engineers Local 324 Journeyman & Apprentice Training Fund
701,ChIJ8Zkf-VJHI4gRlYg0XkkyfD0,Operating Engineers Local 324 Journeyman & Apprentice Training Fund
702,ChIJ28pZ55NBkFQR3aVjE8-n4_U,Finishing Trades Institute NW
703,ChIJ8Zkf-VJHI4gRlYg0XkkyfD0,Operating Engineers Local 324 Journeyman & Apprentice Training Fund
704,ChIJ8Zkf-VJHI4gRlYg0XkkyfD0,Operating Engineers Local 324 Journeyman & Apprentice Training Fund
705,ChIJiXQ6zcpPE4cR2EWFBeaoCh0,Development Associates International
706,ChIJ8Zkf-VJHI4gRlYg0XkkyfD0,Operating Engineers Local 324 Journeyman & Apprentice Training Fund
707,ChIJ8Zkf-VJHI4gRlYg0XkkyfD0,Operating Engineers Local 324 Journeyman & Apprentice Training Fund
708,ChIJr1JbzLhLRYYRMF-pEkAN520,Eminent CPR
709,ChIJ8Zkf-VJHI4gRlYg0XkkyfD0,Operating Engineers Local 324 Journeyman & Apprentice Training Fund
710,ChIJ8Zkf-VJHI4gRlYg0XkkyfD0,Operating Engineers Local 324 Journeyman & Apprentice Training Fund
711,ChIJBSEZRiTwwIcRMgLbtLVbZNg,Local Investment Commission (LINC)
712,ChIJ8Zkf-VJHI4gRlYg0XkkyfD0,Operating Engineers Local 324 Journeyman & Apprentice Training Fund
713,ChIJ8Zkf-VJHI4gRlYg0XkkyfD0,Operating Engineers Local 324 Journeyman & Apprentice Training Fund
714,ChIJY8-NPP4brYcRkJ7QNfqMI10,International Student Division
715,ChIJ8Zkf-VJHI4gRlYg0XkkyfD0,Operating Engineers Local 324 Journeyman & Apprentice Training Fund
716,ChIJ8Zkf-VJHI4gRlYg0XkkyfD0,Operating Engineers Local 324 Journeyman & Apprentice Training Fund
717,ChIJ8Zkf-VJHI4gRlYg0XkkyfD0,Operating Engineers Local 324 Journeyman & Apprentice Training Fund
718,ChIJ8Zkf-VJHI4gRlYg0XkkyfD0,Operating Engineers Local 324 Journeyman & Apprentice Training Fund
719,ChIJzRMFy9dYwokRbbjqfmuoeJo,Mason Tender School
720,ChIJ8Zkf-VJHI4gRlYg0XkkyfD0,Operating Engineers Local 324 Journeyman & Apprentice Training Fund
721,ChIJ8Zkf-VJHI4gRlYg0XkkyfD0,Operating Engineers Local 324 Journeyman & Apprentice Training Fund
722,ChIJn0MsEBafQIYRBqSD60_K1tc,Industrial Training International - Houston
723,ChIJ8Zkf-VJHI4gRlYg0XkkyfD0,Operating Engineers Local 324 Journeyman & Apprentice Training Fund
724,ChIJ8Zkf-VJHI4gRlYg0XkkyfD0,Operating Engineers Local 324 Journeyman & Apprentice Training Fund
725,ChIJ8Zkf-VJHI4gRlYg0XkkyfD0,Operating Engineers Local 324 Journeyman & Apprentice Training Fund
726,ChIJ8Zkf-VJHI4gRlYg0XkkyfD0,Operating Engineers Local 324 Journeyman & Apprentice Training Fund
727,ChIJ47_I0K37DogRO1_6MJ061Oo,IAM Mechanics Local 701 Union Hall and Training Facility
728,ChIJ8Zkf-VJHI4gRlYg0XkkyfD0,Operating Engineers Local 324 Journeyman & Apprentice Training Fund
729,ChIJ8Zkf-VJHI4gRlYg0XkkyfD0,Operating Engineers Local 324 Journeyman & Apprentice Training Fund
730,ChIJl-9lhPXNIIYRNb4DV7qyQ4s,Martin International
731,ChIJ8Zkf-VJHI4gRlYg0XkkyfD0,Operating Engineers Local 324 Journeyman & Apprentice Training Fund
732,ChIJ8Zkf-VJHI4gRlYg0XkkyfD0,Operating Engineers Local 324 Journeyman & Apprentice Training Fund
733,ChIJiQCNnjjet4kRw4ztnmdg064,OPCMIA International Training Fund
734,ChIJ8Zkf-VJHI4gRlYg0XkkyfD0,Operating Engineers Local 324 Journeyman & Apprentice Training Fund
735,ChIJ8Zkf-VJHI4gRlYg0XkkyfD0,Operating Engineers Local 324 Journeyman & Apprentice Training Fund
736,ChIJA9nPyBPJ54kREd4fkWGInDk,IUOE Local 478 Training Center
737,ChIJ8Zkf-VJHI4gRlYg0XkkyfD0,Operating Engineers Local 324 Journeyman & Apprentice Training Fund
738,ChIJ8Zkf-VJHI4gRlYg0XkkyfD0,Operating Engineers Local 324 Journeyman & Apprentice Training Fund
739,ChIJ5QNPyGLx2YkRtY0OIUQ0nfo,Syracuse Fire Department Training
740,ChIJ8Zkf-VJHI4gRlYg0XkkyfD0,Operating Engineers Local 324 Journeyman & Apprentice Training Fund
741,ChIJ8Zkf-VJHI4gRlYg0XkkyfD0,Operating Engineers Local 324 Journeyman & Apprentice Training Fund
742,ChIJCcLNUg3S34kRVoXwPH6Ioas,UA Plumbers & Steamfitters Local 773
743,ChIJ8Zkf-VJHI4gRlYg0XkkyfD0,Operating Engineers Local 324 Journeyman & Apprentice Training Fund
744,ChIJ8Zkf-VJHI4gRlYg0XkkyfD0,Operating Engineers Local 324 Journeyman & Apprentice Training Fund
745,ChIJVVVVVaXqwokR9Kqdix7ShE8,EF International Language Campus - English courses in New York
746,ChIJ8Zkf-VJHI4gRlYg0XkkyfD0,Operating Engineers Local 324 Journeyman & Apprentice Training Fund
747,ChIJ8Zkf-VJHI4gRlYg0XkkyfD0,Operating Engineers Local 324 Journeyman & Apprentice Training Fund
748,ChIJc88OtdGIOIgRl9F0GI9zd80,Columbus International Program
749,ChIJ8Zkf-VJHI4gRlYg0XkkyfD0,Operating Engineers Local 324 Journeyman & Apprentice Training Fund
750,ChIJ8Zkf-VJHI4gRlYg0XkkyfD0,Operating Engineers Local 324 Journeyman & Apprentice Training Fund
751,ChIJ8Zkf-VJHI4gRlYg0XkkyfD0,Operating Engineers Local 324 Journeyman & Apprentice Training Fund
752,ChIJ8Zkf-VJHI4gRlYg0XkkyfD0,Operating Engineers Local 324 Journeyman & Apprentice Training Fund
753,ChIJ1ff2MhNF4okRBOX-3Gcbos4,Local 131 JATC
754,ChIJ8Zkf-VJHI4gRlYg0XkkyfD0,Operating Engineers Local 324 Journeyman & Apprentice Training Fund
755,ChIJ8Zkf-VJHI4gRlYg0XkkyfD0,Operating Engineers Local 324 Journeyman & Apprentice Training Fund
756,ChIJDzHLvcKzQYgRAn2VYemOS-Y,Cincinnati Federation of Teachers/Cincinnati Federation of Office Professionals
757,ChIJI-Ll9v5vO4gR5DMGJeh0Cww,Michigan College of Beauty
758,ChIJIfhQ5WN-GYgRalJOtizqvTU,Nuvo College of Cosmetology
759,ChIJqeVS5WN-GYgRGtjOK7H31LQ,Nuvo College of Cosmetology
760,ChIJFeBSrCfSFogR1Tiy0hn7HQM,Michiana Beauty College
761,ChIJhciw2bUqIogRHB81UY4_WkM,Northwood University
762,ChIJhciw2bUqIogRHB81UY4_WkM,Northwood University
763,ChIJhciw2bUqIogRHB81UY4_WkM,Northwood University
764,ChIJhciw2bUqIogRHB81UY4_WkM,Northwood University
765,ChIJhciw2bUqIogRHB81UY4_WkM,Northwood University
766,ChIJhciw2bUqIogRHB81UY4_WkM,Northwood University
767,ChIJhciw2bUqIogRHB81UY4_WkM,Northwood University
768,ChIJhciw2bUqIogRHB81UY4_WkM,Northwood University
769,ChIJhciw2bUqIogRHB81UY4_WkM,Northwood University
770,ChIJhciw2bUqIogRHB81UY4_WkM,Northwood University
771,ChIJhciw2bUqIogRHB81UY4_WkM,Northwood University
772,ChIJhciw2bUqIogRHB81UY4_WkM,Northwood University
773,ChIJhciw2bUqIogRHB81UY4_WkM,Northwood University
774,ChIJhciw2bUqIogRHB81UY4_WkM,Northwood University
775,ChIJhciw2bUqIogRHB81UY4_WkM,Northwood University
776,ChIJhciw2bUqIogRHB81UY4_WkM,Northwood University
777,ChIJhciw2bUqIogRHB81UY4_WkM,Northwood University
778,ChIJhciw2bUqIogRHB81UY4_WkM,Northwood University
779,ChIJhciw2bUqIogRHB81UY4_WkM,Northwood University
780,ChIJhciw2bUqIogRHB81UY4_WkM,Northwood University
781,ChIJhciw2bUqIogRHB81UY4_WkM,Northwood University
782,ChIJhciw2bUqIogRHB81UY4_WkM,Northwood University
783,ChIJhciw2bUqIogRHB81UY4_WkM,Northwood University
784,ChIJhciw2bUqIogRHB81UY4_WkM,Northwood University
785,ChIJhciw2bUqIogRHB81UY4_WkM,Northwood University
786,ChIJhciw2bUqIogRHB81UY4_WkM,Northwood University
787,ChIJhciw2bUqIogRHB81UY4_WkM,Northwood University
788,ChIJhciw2bUqIogRHB81UY4_WkM,Northwood University
789,ChIJhciw2bUqIogRHB81UY4_WkM,Northwood University
790,ChIJhciw2bUqIogRHB81UY4_WkM,Northwood University
791,ChIJhciw2bUqIogRHB81UY4_WkM,Northwood University
792,ChIJhciw2bUqIogRHB81UY4_WkM,Northwood University
793,ChIJhciw2bUqIogRHB81UY4_WkM,Northwood University
794,ChIJhciw2bUqIogRHB81UY4_WkM,Northwood University
795,ChIJhciw2bUqIogRHB81UY4_WkM,Northwood University
796,ChIJhciw2bUqIogRHB81UY4_WkM,Northwood University
797,ChIJhciw2bUqIogRHB81UY4_WkM,Northwood University
798,ChIJhciw2bUqIogRHB81UY4_WkM,Northwood University
799,ChIJd6d6MZvMJIgRM0-z2E7bR0w,P&A Scholars Beauty School
800,ChIJZfi1K2wU24gRjgmCYX975SQ,Paul Mitchell The School Fort Myers
801,ChIJuRCoTzFNGIgRx0XwwEVvkvg,Paul Mitchell the School Grand Rapids
802,ChIJsT1kcXXjFYgRNYXCSJodasY,Ross Medical Education Center
803,ChIJ7ReiP5PgM4gR8LbiPdi5bKY,Ross Medical Education Center
804,ChIJA1ML1nwlXIgRxVfxyEI_CzU,Ross Medical Education Center
805,ChIJV7wHcBOrGYgR9CQhoIuiPKw,Ross College
806,ChIJUYmNcMTA2YgR6DXRZ2PlcSs,Ross Medical Group
807,ChIJjV9R2LfV2IgRPrLM5fdbTxU,Ross Cindy
808,ChIJoUy6MgBIO4gRHikUkblYR6U,Ross Medical Education Center
809,ChIJLdiHZYrRFogRTzOPJerZSsA,Ross Medical Education Center
810,ChIJac5WIhZ7NYgRGz72dFPPxho,Ross College
811,ChIJa9lAY7e7b4gRWRyEs0BR1kc,Ross Medical Education Center
812,ChIJH58TqCngI4gRSAr0W2MH33s,Career Quest Learning Center Bay City Campus
813,ChIJOd3cL5k24ocR7hAcSb_eYlA,Ross College
814,ChIJ5StbbvEzZYgROAurb48Xj8A,Ross College
815,ChIJQYDHTGV-JIgRp3Af7K7-FYw,Ross Medical Education Center
816,ChIJ10Qgh9CoPIgRqWO2KgZj9xE,Ross Medical Education Center
817,ChIJx9AHc--UOYgRpefrkMJ0sfQ,Ross Medical Education Center
818,ChIJwbQ3AAjIQYgRpaiuLCBC8Cg,Ross Medical Education Center
819,ChIJBXrUzwvVI4gRDrbmwTTja9o,Ross Medical Education Center
820,ChIJfwzKUyvRNogR2djYZ3Td3i4,Ross College
821,ChIJn-r9yXLtF4gRvNxoQicoNDk,Ross Medical Education Center
822,ChIJxcqZAb-bJYgRqFu0nIoVitg,Ross Medical Education Center
823,ChIJMQmgmdDCI4gRmRDfxZK9Xpc,Ross Medical Education Center
824,ChIJ_QJu9aFTO4gRhXHrTSBQW9k,Ross Medical Education Center
825,ChIJ0wmLnb7oZYgR5GlZC-QHm0c,Ross Medical Education Center
826,ChIJ8eVdxldpYogRTUAvIeASIDU,Ross Medical Education Center
827,ChIJARfe5ziuPIgR45fpeFFOoVs,University of Michigan
828,ChIJTwADdHQ1O4gRWHcjTefsvDc,University of Michigan-Dearborn
829,ChIJARfe5ziuPIgR45fpeFFOoVs,University of Michigan
830,ChIJARfe5ziuPIgR45fpeFFOoVs,University of Michigan
831,ChIJTwADdHQ1O4gRWHcjTefsvDc,University of Michigan-Dearborn
832,ChIJARfe5ziuPIgR45fpeFFOoVs,University of Michigan
833,ChIJARfe5ziuPIgR45fpeFFOoVs,University of Michigan
834,ChIJrbr7iHE1O4gRFSSxR9MnVsk,Professional Education Center
835,ChIJARfe5ziuPIgR45fpeFFOoVs,University of Michigan
836,ChIJmXaJ8xeCI4gR2_DiNLUJj98,Harding Mott University Center
837,ChIJARfe5ziuPIgR45fpeFFOoVs,University of Michigan
838,ChIJJ5hdwheCI4gRDI7J3JarzfU,University of Michigan-Flint
839,ChIJARfe5ziuPIgR45fpeFFOoVs,University of Michigan
840,ChIJARfe5ziuPIgR45fpeFFOoVs,University of Michigan
841,ChIJARfe5ziuPIgR45fpeFFOoVs,University of Michigan
842,ChIJARfe5ziuPIgR45fpeFFOoVs,University of Michigan
843,ChIJARfe5ziuPIgR45fpeFFOoVs,University of Michigan
844,ChIJL9jCY7LSJIgRO7HGiMlhfGE,Detroit Delta Preparatory Academy
845,ChIJARfe5ziuPIgR45fpeFFOoVs,University of Michigan
846,ChIJ5yGORl2XJIgRBMXCJ0_HD2o,Renaissance High School
847,ChIJyQqVyojxF4gR5Vgw1EnTS3A,Spring Arbor University
848,ChIJF1tbDNC3JIgRzN6L7WIQAb0,Spring Arbor University
849,ChIJF1tbDNC3JIgRzN6L7WIQAb0,Spring Arbor University
850,ChIJF2MACrXDIogRkV4_lzgHAgQ,"Spring Arbor University, Lansing"
851,ChIJHSO1x7utGYgRFTLYgJsZnGc,Davenport University
852,ChIJVbGPVqgvPYgRGIzaXNy32Rc,Cooper Street Correctional
853,ChIJ4wFrWSMaJYgRtu2AWUwxo2o,Macomb Correctional Facility
854,ChIJFWDEF0IgTk0RDzhh9K11JVY,Marquette Branch Prison
855,ChIJ831ZZjItO4gRTspgHArSh8A,Grand Valley State University Detroit Center
856,ChIJ50WriCejGYgRA_-qEEaFN2c,GVSU Campus Health Center | Trinity Health Medical Group
857,ChIJB-EDKDv-IIgROPXd9jXOe00,Kirtland Community College
858,ChIJZamON5slF4gREfW_tloFZO4,Southwestern Michigan College
859,ChIJ1aG_sY2tJIgRE4F59N3bfQo,Schoolcraft College
860,ChIJ28ENBPlGI4gRet-wPC9bSCM,Cleary University
861,ChIJZYrYbabJJIgRBeS_dqLzWhU,Oakland Community College - Southfield Campus
862,ChIJNR49jy6NF4gR9pTMmFiYky8,Kellogg Community College Tech Center
